Author Id,F1 score,Precision,Recall
0,0.10526315789473684,0.0625,0.3333333333333333
1,0.0,0.0,0.0
2,0.0,0.0,0.0
